<?xml version="1.0" encoding="UTF-8"?>

<beans xmlns:xsi="http://www.w3.org/2001/XMLSchema-instance"
       xmlns:tx="http://www.springframework.org/schema/tx"
       xmlns:aop="http://www.springframework.org/schema/aop"
       xmlns:context="http://www.springframework.org/schema/context"
       xmlns="http://www.springframework.org/schema/beans"
       xsi:schemaLocation="http://www.springframework.org/schema/beans
       http://www.springframework.org/schema/beans/spring-beans.xsd
       http://www.springframework.org/schema/tx
       http://www.springframework.org/schema/tx/spring-tx.xsd
       http://www.springframework.org/schema/aop
       http://www.springframework.org/schema/aop/spring-aop.xsd
       http://www.springframework.org/schema/context
       http://www.springframework.org/schema/context/spring-context.xsd">

    <context:component-scan base-package="com.rundatop.**.service"/>

     <bean id="propertyConfigurer" name="propertyConfigurer"
		class="com.rundatop.core.spring.config.ExtendedPropertyPlaceholderConfigurer">
		<property name="locations">
			<list>
				<value>classpath*:META-INF/*.properties</value>
				<value>classpath*:*.properties</value>
			</list>
		</property>
	</bean>

   
</beans>