<?xml version="1.0" encoding="UTF-8"?>
<beans default-lazy-init="true"
	xmlns="http://www.springframework.org/schema/beans" xmlns:xsi="http://www.w3.org/2001/XMLSchema-instance"
	xmlns:aop="http://www.springframework.org/schema/aop" xmlns:tx="http://www.springframework.org/schema/tx"
	xmlns:context="http://www.springframework.org/schema/context"
	xsi:schemaLocation="
       http://www.springframework.org/schema/beans http://www.springframework.org/schema/beans/spring-beans-4.1.xsd
       http://www.springframework.org/schema/aop http://www.springframework.org/schema/aop/spring-aop-4.1.xsd
       http://www.springframework.org/schema/tx http://www.springframework.org/schema/tx/spring-tx-4.1.xsd
       http://www.springframework.org/schema/context http://www.springframework.org/schema/context/spring-context-4.1.xsd">
       
       
       
	 <bean id="propertyConfigurer" name="propertyConfigurer"
		class="com.rundatop.core.spring.config.ExtendedPropertyPlaceholderConfigurer">
		<property name="locations">
			<list>
				<value>classpath*:META-INF/*.properties
				</value>
				<value>classpath*:*.properties
				</value>
			</list>
		</property>
	</bean>
	
	
	<bean class="com.rundatop.core.spring.ioc.ConfigAnnotationBeanPostProcessor"
		lazy-init="false">
		<property name="propertyConfigurer" ref="propertyConfigurer" />
	</bean>

	 <bean id="APP_CONTEXT" class="com.rundatop.core.spring.ApplicationContext" lazy-init="false" /> 
	
</beans>